{"cameraMode":{"drawMode":0,"name":"Shaded","section":"Shading Mode"},"sceneLighting":false,"audioPlay":false,"sceneViewState":{"m_AlwaysRefresh":false,"showFog":true,"showSkybox":false,"showFlares":true,"showImageEffects":true,"showParticleSystems":true,"showVisualEffectGraphs":true,"m_FxEnabled":true},"in2DMode":false,"pivot":{"x":-0.2881288528442383,"y":0.7582341432571411,"z":0.4325357675552368},"rotation":{"x":0.1361003816127777,"y":-0.06417609006166458,"z":0.008810515515506268,"w":0.9885923266410828},"size":0.8660253882408142,"orthographic":false}